,image_name,index
0,20221026_141512.jpg,
1,20221026_141536.jpg,
2,20221026_141617.jpg,
3,20221026_141732.jpg,
4,20221026_141832.jpg,
5,20221026_142108.jpg,
6,20221026_142442.jpg,
7,20221026_142629.jpg,
8,20221026_142708.jpg,
9,20221026_142744.jpg,
10,20221026_142823.jpg,
11,20221026_142915.jpg,
12,20221026_143014.jpg,
13,20221026_143052.jpg,
14,20221026_143128.jpg,
15,20221026_143147.jpg,
16,20221026_143208.jpg,
17,20221026_143553.jpg,
18,20221026_143622.jpg,
19,20221026_143650.jpg,
20,20221026_143710.jpg,
21,20221026_143751.jpg,
22,20221026_143813.jpg,
23,20221026_143831.jpg,
24,20221026_143946.jpg,
25,20221026_144022.jpg,
26,20221026_144102.jpg,
27,20221026_144137.jpg,
28,20221026_144237.jpg,
29,20221026_144255.jpg,
30,20221026_144312.jpg,
31,20221026_144327.jpg,
32,20221026_144401.jpg,
33,20221026_144431.jpg,
34,20221026_144444.jpg,
35,20221026_144457.jpg,
36,20221026_144510.jpg,
37,20221026_144557.jpg,
38,20221026_144614.jpg,
39,20221026_145705.jpg,
40,20221026_145723.jpg,
41,20221026_145747.jpg,
42,20221026_145808.jpg,
43,20221026_145826.jpg,
44,20221026_145847.jpg,
45,20221026_145915.jpg,
46,20221026_145939.jpg,
47,20221026_150000.jpg,
48,20221026_150026.jpg,
49,20221026_150044.jpg,
50,20221026_150102.jpg,
51,20221026_150122.jpg,
52,20221026_150203.jpg,
53,20221026_150222.jpg,
54,20221026_150247.jpg,
55,20221026_150304.jpg,
56,20221026_150320.jpg,
57,20221026_150337.jpg,
58,20221026_150354.jpg,
59,20221026_150408.jpg,
60,20221026_150441.jpg,
61,20221026_150505.jpg,
62,20221026_151541.jpg,
63,20221026_151735.jpg,
64,20221026_151751.jpg,
65,20221026_151806.jpg,
66,20221026_151823.jpg,
67,20221026_151849.jpg,
68,20221026_151907.jpg,
69,20221026_151932.jpg,
70,20221026_151953.jpg,
71,20221026_152009.jpg,
72,20221026_152044.jpg,
73,20221026_152104.jpg,
74,20221026_152120.jpg,
75,20221026_152138.jpg,
76,20221026_152300.jpg,
77,20221026_152314.jpg,
78,20221026_152330.jpg,
79,20221026_152347.jpg,
80,20221026_152409.jpg,
81,20221026_152431.jpg,
82,20221026_152527.jpg,
83,20221026_152613.jpg,
84,20221026_152639.jpg,
85,20221026_152700.jpg,
86,20221026_152729.jpg,
87,20221026_152802.jpg,
88,20221026_152826.jpg,
89,20221026_152844.jpg,
90,20221026_152906.jpg,
91,20221026_152928.jpg,
92,20221026_153004.jpg,
93,20221026_153105.jpg,
94,20221026_153141.jpg,
95,20221026_153202.jpg,
96,20221026_153224.jpg,
97,20221026_153244.jpg,
98,20221026_153320.jpg,
99,20221026_153339.jpg,
100,20221026_153409.jpg,
101,20221026_153542.jpg,
102,20221026_153611.jpg,
103,20221026_153628.jpg,
104,20221026_153649.jpg,
105,20221026_153710.jpg,
106,20221026_153754.jpg,
107,20221026_153857.jpg,
108,20221026_153922.jpg,
109,20221026_153941.jpg,
110,20221026_154036.jpg,
111,20221026_154059.jpg,
112,20221026_154118.jpg,
113,20221026_154135.jpg,
114,20221026_154204.jpg,
115,20221026_154240.jpg,
116,20221026_154305.jpg,
117,20221026_154320.jpg,
118,20221026_154355.jpg,
119,20221026_154445.jpg,
120,20221026_154510.jpg,
121,20221026_154537.jpg,
122,20221026_154605.jpg,
123,20221026_154635.jpg,
124,20221026_154656.jpg,
125,20221026_154722.jpg,
126,20221026_154754.jpg,
127,20221026_154814.jpg,
128,20221026_154831.jpg,
129,20221026_154855.jpg,
130,20221026_154922.jpg,
131,20221026_154953.jpg,
132,20221026_155049.jpg,
133,20221026_155110.jpg,
134,20221026_155129.jpg,
135,20221026_155213.jpg,
136,20221026_155338.jpg,
137,20221026_155354.jpg,
138,20221026_155408.jpg,
139,20221026_155422.jpg,
140,20221026_155436.jpg,
141,20221026_155457.jpg,
142,20221026_155526.jpg,
143,20221026_155541.jpg,
144,20221026_155558.jpg,
145,20221026_155613.jpg,
146,20221026_155632.jpg,
147,20221026_155649.jpg,
148,20221026_155707.jpg,
149,20221026_155731.jpg,
150,20221026_155751.jpg,
151,20221026_155809.jpg,
152,20221026_155822.jpg,
153,20221026_155834.jpg,
154,20221026_155850.jpg,
155,20221026_155901.jpg,
156,20221026_155926.jpg,
157,20221026_155946.jpg,
158,20221026_160000.jpg,
159,20221026_160019.jpg,
160,20221026_160032.jpg,
161,20221026_160057.jpg,
162,20221026_160113.jpg,
163,20221026_160127.jpg,
164,20221026_160142.jpg,
165,20221026_160158.jpg,
166,20221026_160213.jpg,
167,20221026_160225.jpg,
168,20221026_160250.jpg,
169,20221026_160302.jpg,
170,20221026_160325.jpg,
171,20221026_160338.jpg,
172,20221026_160353.jpg,
173,20221026_160406.jpg,
174,20221026_160422.jpg,
175,20221026_160439.jpg,
176,20221026_160453.jpg,
177,20221026_160506.jpg,
178,20221026_160528.jpg,
179,20221026_160543.jpg,
180,20221026_160603.jpg,
181,20221026_160622.jpg,
182,20221026_160723.jpg,
183,20221026_160738.jpg,
184,20221026_160752.jpg,
185,20221026_160808.jpg,
186,20221026_160820.jpg,
187,20221026_160838.jpg,
188,20221026_160902.jpg,
189,20221026_160914.jpg,
190,20221026_160926.jpg,
191,20221026_160943.jpg,
192,20221026_160957.jpg,
193,20221026_161011.jpg,
194,20221026_161024.jpg,
195,20221026_161036.jpg,
196,20221026_161109.jpg,
197,20221026_161124.jpg,
198,20221026_161138.jpg,
199,20221026_161154.jpg,
200,20221026_161209.jpg,
201,20221026_161259.jpg,
202,20221026_161312.jpg,
203,20221026_161344.jpg,
204,20221026_161400.jpg,
205,20221026_161519.jpg,
206,20221026_161603.jpg,
207,20221026_161622.jpg,
208,20221026_161645.jpg,
209,20221026_161702.jpg,
210,20221026_161718.jpg,
211,20221026_161751.jpg,
212,20221026_161813.jpg,
213,20221026_161834.jpg,
214,20221026_161849.jpg,
215,20221026_161911.jpg,
216,20221026_161937.jpg,
217,20221026_161950.jpg,
218,20221026_162017.jpg,
219,20221026_162054.jpg,
220,20221026_162117.jpg,
221,20221026_162138.jpg,
222,20221026_162201.jpg,
223,20221026_162218.jpg,
224,20221026_162239.jpg,
225,20221026_162254.jpg,
226,20221026_162308.jpg,
227,20221026_162323.jpg,
228,20221026_162340.jpg,
229,20221026_162356.jpg,
